"address_id","address","address2","district","city_id","postal_code","phone","last_update"
"1","47 MySakila Drive",NULL," ","300",NULL," ","2006-02-15 04:45:30"
"2","28 MySQL Boulevard",NULL," ","576",NULL," ","2006-02-15 04:45:30"
"3","23 Workhaven Lane",NULL," ","300",NULL," ","2006-02-15 04:45:30"
"4","1411 Lillydale Drive",NULL," ","576",NULL," ","2006-02-15 04:45:30"
"5","1913 Hanoi Way",NULL," ","463","35200"," ","2006-02-15 04:45:30"
"6","1121 Loja Avenue",NULL," ","449","17886"," ","2006-02-15 04:45:30"
"7","692 Joliet Street",NULL," ","38","83579"," ","2006-02-15 04:45:30"
"8","1566 Inegl Manor",NULL," ","349","53561"," ","2006-02-15 04:45:30"
"9","53 Idfu Parkway",NULL," ","361","42399"," ","2006-02-15 04:45:30"
"10","1795 Santiago de Compostela Way",NULL," ","295","18743"," ","2006-02-15 04:45:30"
"11","900 Santiago de Compostela Parkway",NULL," ","280","93896"," ","2006-02-15 04:45:30"
"12","478 Joliet Way",NULL," ","200","77948"," ","2006-02-15 04:45:30"
"13","613 Korolev Drive",NULL," ","329","45844"," ","2006-02-15 04:45:30"
"14","1531 Sal Drive",NULL," ","162","53628"," ","2006-02-15 04:45:30"
"15","1542 Tarlac Parkway",NULL," ","440","1027"," ","2006-02-15 04:45:30"
"16","808 Bhopal Manor",NULL," ","582","10672"," ","2006-02-15 04:45:30"
"17","270 Amroha Parkway",NULL," ","384","29610"," ","2006-02-15 04:45:30"
"18","770 Bydgoszcz Avenue",NULL," ","120","16266"," ","2006-02-15 04:45:30"
"19","419 Iligan Lane",NULL," ","76","72878"," ","2006-02-15 04:45:30"
"20","360 Toulouse Parkway",NULL," ","495","54308"," ","2006-02-15 04:45:30"
"21","270 Toulon Boulevard",NULL," ","156","81766"," ","2006-02-15 04:45:30"
"22","320 Brest Avenue",NULL," ","252","43331"," ","2006-02-15 04:45:30"
"23","1417 Lancaster Avenue",NULL," ","267","72192"," ","2006-02-15 04:45:30"
"24","1688 Okara Way",NULL," ","327","21954"," ","2006-02-15 04:45:30"
"25","262 A Corua (La Corua) Parkway",NULL," ","525","34418"," ","2006-02-15 04:45:30"
"26","28 Charlotte Amalie Street",NULL," ","443","37551"," ","2006-02-15 04:45:30"
"27","1780 Hino Boulevard",NULL," ","303","7716"," ","2006-02-15 04:45:30"
"28","96 Tafuna Way",NULL," ","128","99865"," ","2006-02-15 04:45:30"
"29","934 San Felipe de Puerto Plata Street",NULL," ","472","99780"," ","2006-02-15 04:45:30"
"30","18 Duisburg Boulevard",NULL," ","121","58327"," ","2006-02-15 04:45:30"
"31","217 Botshabelo Place",NULL," ","138","49521"," ","2006-02-15 04:45:30"
"32","1425 Shikarpur Manor",NULL," ","346","65599"," ","2006-02-15 04:45:30"
"33","786 Aurora Avenue",NULL," ","474","65750"," ","2006-02-15 04:45:30"
"34","1668 Anpolis Street",NULL," ","316","50199"," ","2006-02-15 04:45:30"
"35","33 Gorontalo Way",NULL," ","257","30348"," ","2006-02-15 04:45:30"
"36","176 Mandaluyong Place",NULL," ","239","65213"," ","2006-02-15 04:45:30"
"37","127 Purnea (Purnia) Manor",NULL," ","17","79388"," ","2006-02-15 04:45:30"
"38","61 Tama Street",NULL," ","284","94065"," ","2006-02-15 04:45:30"
"39","391 Callao Drive",NULL," ","544","34021"," ","2006-02-15 04:45:30"
"40","334 Munger (Monghyr) Lane",NULL," ","31","38145"," ","2006-02-15 04:45:30"
"41","1440 Fukuyama Loop",NULL," ","362","47929"," ","2006-02-15 04:45:30"
"42","269 Cam Ranh Parkway",NULL," ","115","34689"," ","2006-02-15 04:45:30"
"43","306 Antofagasta Place",NULL," ","569","3989"," ","2006-02-15 04:45:30"
"44","671 Graz Street",NULL," ","353","94399"," ","2006-02-15 04:45:30"
"45","42 Brindisi Place",NULL," ","586","16744"," ","2006-02-15 04:45:30"
"46","1632 Bislig Avenue",NULL," ","394","61117"," ","2006-02-15 04:45:30"
"47","1447 Imus Way",NULL," ","167","48942"," ","2006-02-15 04:45:30"
"48","1998 Halifax Drive",NULL," ","308","76022"," ","2006-02-15 04:45:30"
"49","1718 Valencia Street",NULL," ","27","37359"," ","2006-02-15 04:45:30"
"50","46 Pjatigorsk Lane",NULL," ","343","23616"," ","2006-02-15 04:45:30"
"51","686 Garland Manor",NULL," ","247","52535"," ","2006-02-15 04:45:30"
"52","909 Garland Manor",NULL," ","367","69367"," ","2006-02-15 04:45:30"
"53","725 Isesaki Place",NULL," ","237","74428"," ","2006-02-15 04:45:30"
"54","115 Hidalgo Parkway",NULL," ","379","80168"," ","2006-02-15 04:45:30"
"55","1135 Izumisano Parkway",NULL," ","171","48150"," ","2006-02-15 04:45:30"
"56","939 Probolinggo Loop",NULL," ","1","4166"," ","2006-02-15 04:45:30"
"57","17 Kabul Boulevard",NULL," ","355","38594"," ","2006-02-15 04:45:30"
"58","1964 Allappuzha (Alleppey) Street",NULL," ","227","48980"," ","2006-02-15 04:45:30"
"59","1697 Kowloon and New Kowloon Loop",NULL," ","49","57807"," ","2006-02-15 04:45:30"
"60","1668 Saint Louis Place",NULL," ","397","39072"," ","2006-02-15 04:45:30"
"61","943 Tokat Street",NULL," ","560","45428"," ","2006-02-15 04:45:30"
"62","1114 Liepaja Street",NULL," ","282","69226"," ","2006-02-15 04:45:30"
"63","1213 Ranchi Parkway",NULL," ","350","94352"," ","2006-02-15 04:45:30"
"64","81 Hodeida Way",NULL," ","231","55561"," ","2006-02-15 04:45:30"
"65","915 Ponce Place",NULL," ","56","83980"," ","2006-02-15 04:45:30"
"66","1717 Guadalajara Lane",NULL," ","441","85505"," ","2006-02-15 04:45:30"
"67","1214 Hanoi Way",NULL," ","306","67055"," ","2006-02-15 04:45:30"
"68","1966 Amroha Avenue",NULL," ","139","70385"," ","2006-02-15 04:45:30"
"69","698 Otsu Street",NULL," ","105","71110"," ","2006-02-15 04:45:30"
"70","1150 Kimchon Manor",NULL," ","321","96109"," ","2006-02-15 04:45:30"
"71","1586 Guaruj Place",NULL," ","579","5135"," ","2006-02-15 04:45:30"
"72","57 Arlington Manor",NULL," ","475","48960"," ","2006-02-15 04:45:30"
"73","1031 Daugavpils Parkway",NULL," ","63","59025"," ","2006-02-15 04:45:30"
"74","1124 Buenaventura Drive",NULL," ","13","6856"," ","2006-02-15 04:45:30"
"75","492 Cam Ranh Street",NULL," ","61","50805"," ","2006-02-15 04:45:30"
"76","89 Allappuzha (Alleppey) Manor",NULL," ","517","75444"," ","2006-02-15 04:45:30"
"77","1947 Poos de Caldas Boulevard",NULL," ","114","60951"," ","2006-02-15 04:45:30"
"78","1206 Dos Quebradas Place",NULL," ","431","20207"," ","2006-02-15 04:45:30"
"79","1551 Rampur Lane",NULL," ","108","72394"," ","2006-02-15 04:45:30"
"80","602 Paarl Street",NULL," ","402","98889"," ","2006-02-15 04:45:30"
"81","1692 Ede Loop",NULL," ","30","9223"," ","2006-02-15 04:45:30"
"82","936 Salzburg Lane",NULL," ","425","96709"," ","2006-02-15 04:45:30"
"83","586 Tete Way",NULL," ","256","1079"," ","2006-02-15 04:45:30"
"84","1888 Kabul Drive",NULL," ","217","20936"," ","2006-02-15 04:45:30"
"85","320 Baiyin Parkway",NULL," ","319","37307"," ","2006-02-15 04:45:30"
"86","927 Baha Blanca Parkway",NULL," ","479","9495"," ","2006-02-15 04:45:30"
"87","929 Tallahassee Loop",NULL," ","497","74671"," ","2006-02-15 04:45:30"
"88","125 Citt del Vaticano Boulevard",NULL," ","40","67912"," ","2006-02-15 04:45:30"
"89","1557 Ktahya Boulevard",NULL," ","88","88002"," ","2006-02-15 04:45:30"
"90","870 Ashqelon Loop",NULL," ","489","84931"," ","2006-02-15 04:45:30"
"91","1740 Portoviejo Avenue",NULL," ","480","29932"," ","2006-02-15 04:45:30"
"92","1942 Ciparay Parkway",NULL," ","113","82624"," ","2006-02-15 04:45:30"
"93","1926 El Alto Avenue",NULL," ","289","75543"," ","2006-02-15 04:45:30"
"94","1952 Chatsworth Drive",NULL," ","332","25958"," ","2006-02-15 04:45:30"
"95","1370 Le Mans Avenue",NULL," ","53","52163"," ","2006-02-15 04:45:30"
"96","984 Effon-Alaiye Avenue",NULL," ","183","17119"," ","2006-02-15 04:45:30"
"97","832 Nakhon Sawan Manor",NULL," ","592","49021"," ","2006-02-15 04:45:30"
"98","152 Kitwe Parkway",NULL," ","82","53182"," ","2006-02-15 04:45:30"
"99","1697 Tanauan Lane",NULL," ","399","22870"," ","2006-02-15 04:45:30"
"100","1308 Arecibo Way",NULL," ","41","30695"," ","2006-02-15 04:45:30"
"101","1599 Plock Drive",NULL," ","534","71986"," ","2006-02-15 04:45:30"
"102","669 Firozabad Loop",NULL," ","12","92265"," ","2006-02-15 04:45:30"
"103","588 Vila Velha Manor",NULL," ","268","51540"," ","2006-02-15 04:45:30"
"104","1913 Kamakura Place",NULL," ","238","97287"," ","2006-02-15 04:45:30"
"105","733 Mandaluyong Place",NULL," ","2","77459"," ","2006-02-15 04:45:30"
"106","659 Vaduz Drive",NULL," ","34","49708"," ","2006-02-15 04:45:30"
"107","1177 Jelets Way",NULL," ","220","3305"," ","2006-02-15 04:45:30"
"108","1386 Yangor Avenue",NULL," ","543","80720"," ","2006-02-15 04:45:30"
"109","454 Nakhon Sawan Boulevard",NULL," ","173","76383"," ","2006-02-15 04:45:30"
"110","1867 San Juan Bautista Tuxtepec Avenue",NULL," ","225","78311"," ","2006-02-15 04:45:30"
"111","1532 Dzerzinsk Way",NULL," ","334","9599"," ","2006-02-15 04:45:30"
"112","1002 Ahmadnagar Manor",NULL," ","213","93026"," ","2006-02-15 04:45:30"
"113","682 Junan Way",NULL," ","273","30418"," ","2006-02-15 04:45:30"
"114","804 Elista Drive",NULL," ","159","61069"," ","2006-02-15 04:45:30"
"115","1378 Alvorada Avenue",NULL," ","102","75834"," ","2006-02-15 04:45:30"
"116","793 Cam Ranh Avenue",NULL," ","292","87057"," ","2006-02-15 04:45:30"
"117","1079 Tel Aviv-Jaffa Boulevard",NULL," ","132","10885"," ","2006-02-15 04:45:30"
"118","442 Rae Bareli Place",NULL," ","148","24321"," ","2006-02-15 04:45:30"
"119","1107 Nakhon Sawan Avenue",NULL," ","365","75149"," ","2006-02-15 04:45:30"
"120","544 Malm Parkway",NULL," ","403","63502"," ","2006-02-15 04:45:30"
"121","1967 Sincelejo Place",NULL," ","176","73644"," ","2006-02-15 04:45:30"
"122","333 Goinia Way",NULL," ","185","78625"," ","2006-02-15 04:45:30"
"123","1987 Coacalco de Berriozbal Loop",NULL," ","476","96065"," ","2006-02-15 04:45:30"
"124","241 Mosul Lane",NULL," ","147","76157"," ","2006-02-15 04:45:30"
"125","211 Chiayi Drive",NULL," ","164","58186"," ","2006-02-15 04:45:30"
"126","1175 Tanauan Way",NULL," ","305","64615"," ","2006-02-15 04:45:30"
"127","117 Boa Vista Way",NULL," ","566","6804"," ","2006-02-15 04:45:30"
"128","848 Tafuna Manor",NULL," ","281","45142"," ","2006-02-15 04:45:30"
"129","569 Baicheng Lane",NULL," ","85","60304"," ","2006-02-15 04:45:30"
"130","1666 Qomsheh Drive",NULL," ","410","66255"," ","2006-02-15 04:45:30"
"131","801 Hagonoy Drive",NULL," ","484","8439"," ","2006-02-15 04:45:30"
"132","1050 Garden Grove Avenue",NULL," ","236","4999"," ","2006-02-15 04:45:30"
"133","1854 Tieli Street",NULL," ","302","15819"," ","2006-02-15 04:45:30"
"134","758 Junan Lane",NULL," ","190","82639"," ","2006-02-15 04:45:30"
"135","1752 So Leopoldo Parkway",NULL," ","345","14014"," ","2006-02-15 04:45:30"
"136","898 Belm Manor",NULL," ","87","49757"," ","2006-02-15 04:45:30"
"137","261 Saint Louis Way",NULL," ","541","83401"," ","2006-02-15 04:45:30"
"138","765 Southampton Drive",NULL," ","421","4285"," ","2006-02-15 04:45:30"
"139","943 Johannesburg Avenue",NULL," ","417","5892"," ","2006-02-15 04:45:30"
"140","788 Atinsk Street",NULL," ","211","81691"," ","2006-02-15 04:45:30"
"141","1749 Daxian Place",NULL," ","29","11044"," ","2006-02-15 04:45:30"
"142","1587 Sullana Lane",NULL," ","207","85769"," ","2006-02-15 04:45:30"
"143","1029 Dzerzinsk Manor",NULL," ","542","57519"," ","2006-02-15 04:45:30"
"144","1666 Beni-Mellal Place",NULL," ","123","13377"," ","2006-02-15 04:45:30"
"145","928 Jaffna Loop",NULL," ","172","93762"," ","2006-02-15 04:45:30"
"146","483 Ljubertsy Parkway",NULL," ","149","60562"," ","2006-02-15 04:45:30"
"147","374 Bat Yam Boulevard",NULL," ","266","97700"," ","2006-02-15 04:45:30"
"148","1027 Songkhla Manor",NULL," ","340","30861"," ","2006-02-15 04:45:30"
"149","999 Sanaa Loop",NULL," ","491","3439"," ","2006-02-15 04:45:30"
"150","879 Newcastle Way",NULL," ","499","90732"," ","2006-02-15 04:45:30"
"151","1337 Lincoln Parkway",NULL," ","555","99457"," ","2006-02-15 04:45:30"
"152","1952 Pune Lane",NULL," ","442","92150"," ","2006-02-15 04:45:30"
"153","782 Mosul Street",NULL," ","94","25545"," ","2006-02-15 04:45:30"
"154","781 Shimonoseki Drive",NULL," ","202","95444"," ","2006-02-15 04:45:30"
"155","1560 Jelets Boulevard",NULL," ","291","77777"," ","2006-02-15 04:45:30"
"156","1963 Moscow Place",NULL," ","354","64863"," ","2006-02-15 04:45:30"
"157","456 Escobar Way",NULL," ","232","36061"," ","2006-02-15 04:45:30"
"158","798 Cianjur Avenue",NULL," ","590","76990"," ","2006-02-15 04:45:30"
"159","185 Novi Sad Place",NULL," ","72","41778"," ","2006-02-15 04:45:30"
"160","1367 Yantai Manor",NULL," ","381","21294"," ","2006-02-15 04:45:30"
"161","1386 Nakhon Sawan Boulevard",NULL," ","420","53502"," ","2006-02-15 04:45:30"
"162","369 Papeete Way",NULL," ","187","66639"," ","2006-02-15 04:45:30"
"163","1440 Compton Place",NULL," ","307","81037"," ","2006-02-15 04:45:30"
"164","1623 Baha Blanca Manor",NULL," ","310","81511"," ","2006-02-15 04:45:30"
"165","97 Shimoga Avenue",NULL," ","533","44660"," ","2006-02-15 04:45:30"
"166","1740 Le Mans Loop",NULL," ","297","22853"," ","2006-02-15 04:45:30"
"167","1287 Xiangfan Boulevard",NULL," ","253","57844"," ","2006-02-15 04:45:30"
"168","842 Salzburg Lane",NULL," ","529","3313"," ","2006-02-15 04:45:30"
"169","154 Tallahassee Loop",NULL," ","199","62250"," ","2006-02-15 04:45:30"
"170","710 San Felipe del Progreso Avenue",NULL," ","304","76901"," ","2006-02-15 04:45:30"
"171","1540 Wroclaw Drive",NULL," ","107","62686"," ","2006-02-15 04:45:30"
"172","475 Atinsk Way",NULL," ","240","59571"," ","2006-02-15 04:45:30"
"173","1294 Firozabad Drive",NULL," ","407","70618"," ","2006-02-15 04:45:30"
"174","1877 Ezhou Lane",NULL," ","550","63337"," ","2006-02-15 04:45:30"
"175","316 Uruapan Street",NULL," ","223","58194"," ","2006-02-15 04:45:30"
"176","29 Pyongyang Loop",NULL," ","58","47753"," ","2006-02-15 04:45:30"
"177","1010 Klerksdorp Way",NULL," ","186","6802"," ","2006-02-15 04:45:30"
"178","1848 Salala Boulevard",NULL," ","373","25220"," ","2006-02-15 04:45:30"
"179","431 Xiangtan Avenue",NULL," ","18","4854"," ","2006-02-15 04:45:30"
"180","757 Rustenburg Avenue",NULL," ","483","89668"," ","2006-02-15 04:45:30"
"181","146 Johannesburg Way",NULL," ","330","54132"," ","2006-02-15 04:45:30"
"182","1891 Rizhao Boulevard",NULL," ","456","47288"," ","2006-02-15 04:45:30"
"183","1089 Iwatsuki Avenue",NULL," ","270","35109"," ","2006-02-15 04:45:30"
"184","1410 Benin City Parkway",NULL," ","405","29747"," ","2006-02-15 04:45:30"
"185","682 Garden Grove Place",NULL," ","333","67497"," ","2006-02-15 04:45:30"
"186","533 al-Ayn Boulevard",NULL," ","126","8862"," ","2006-02-15 04:45:30"
"187","1839 Szkesfehrvr Parkway",NULL," ","317","55709"," ","2006-02-15 04:45:30"
"188","741 Ambattur Manor",NULL," ","438","43310"," ","2006-02-15 04:45:30"
"189","927 Barcelona Street",NULL," ","467","65121"," ","2006-02-15 04:45:30"
"190","435 0 Way",NULL," ","195","74750"," ","2006-02-15 04:45:30"
"191","140 Chiayi Parkway",NULL," ","506","38982"," ","2006-02-15 04:45:30"
"192","1166 Changhwa Street",NULL," ","62","58852"," ","2006-02-15 04:45:30"
"193","891 Novi Sad Manor",NULL," ","383","5379"," ","2006-02-15 04:45:30"
"194","605 Rio Claro Parkway",NULL," ","513","49348"," ","2006-02-15 04:45:30"
"195","1077 San Felipe de Puerto Plata Place",NULL," ","369","65387"," ","2006-02-15 04:45:30"
"196","9 San Miguel de Tucumn Manor",NULL," ","169","90845"," ","2006-02-15 04:45:30"
"197","447 Surakarta Loop",NULL," ","271","10428"," ","2006-02-15 04:45:30"
"198","345 Oshawa Boulevard",NULL," ","204","32114"," ","2006-02-15 04:45:30"
"199","1792 Valle de la Pascua Place",NULL," ","477","15540"," ","2006-02-15 04:45:30"
"200","1074 Binzhou Manor",NULL," ","325","36490"," ","2006-02-15 04:45:30"
"201","817 Bradford Loop",NULL," ","109","89459"," ","2006-02-15 04:45:30"
"202","955 Bamenda Way",NULL," ","218","1545"," ","2006-02-15 04:45:30"
"203","1149 A Corua (La Corua) Boulevard",NULL," ","194","95824"," ","2006-02-15 04:45:30"
"204","387 Mwene-Ditu Drive",NULL," ","35","8073"," ","2006-02-15 04:45:30"
"205","68 Molodetno Manor",NULL," ","575","4662"," ","2006-02-15 04:45:30"
"206","642 Nador Drive",NULL," ","77","3924"," ","2006-02-15 04:45:30"
"207","1688 Nador Lane",NULL," ","184","61613"," ","2006-02-15 04:45:30"
"208","1215 Pyongyang Parkway",NULL," ","557","25238"," ","2006-02-15 04:45:30"
"209","1679 Antofagasta Street",NULL," ","122","86599"," ","2006-02-15 04:45:30"
"210","1304 s-Hertogenbosch Way",NULL," ","83","10925"," ","2006-02-15 04:45:30"
"211","850 Salala Loop",NULL," ","371","10800"," ","2006-02-15 04:45:30"
"212","624 Oshawa Boulevard",NULL," ","51","89959"," ","2006-02-15 04:45:30"
"213","43 Dadu Avenue",NULL," ","74","4855"," ","2006-02-15 04:45:30"
"214","751 Lima Loop",NULL," ","7","99405"," ","2006-02-15 04:45:30"
"215","1333 Haldia Street",NULL," ","174","82161"," ","2006-02-15 04:45:30"
"216","660 Jedda Boulevard",NULL," ","65","25053"," ","2006-02-15 04:45:30"
"217","1001 Miyakonojo Lane",NULL," ","518","67924"," ","2006-02-15 04:45:30"
"218","226 Brest Manor",NULL," ","508","2299"," ","2006-02-15 04:45:30"
"219","1229 Valencia Parkway",NULL," ","498","99124"," ","2006-02-15 04:45:30"
"220","1201 Qomsheh Manor",NULL," ","28","21464"," ","2006-02-15 04:45:30"
"221","866 Shivapuri Manor",NULL," ","448","22474"," ","2006-02-15 04:45:30"
"222","1168 Najafabad Parkway",NULL," ","251","40301"," ","2006-02-15 04:45:30"
"223","1244 Allappuzha (Alleppey) Place",NULL," ","567","20657"," ","2006-02-15 04:45:30"
"224","1842 Luzinia Boulevard",NULL," ","593","94420"," ","2006-02-15 04:45:30"
"225","1926 Gingoog Street",NULL," ","511","22824"," ","2006-02-15 04:45:30"
"226","810 Palghat (Palakkad) Boulevard",NULL," ","235","73431"," ","2006-02-15 04:45:30"
"227","1820 Maring Parkway",NULL," ","324","88307"," ","2006-02-15 04:45:30"
"228","60 Poos de Caldas Street",NULL," ","243","82338"," ","2006-02-15 04:45:30"
"229","1014 Loja Manor",NULL," ","22","66851"," ","2006-02-15 04:45:30"
"230","201 Effon-Alaiye Way",NULL," ","37","64344"," ","2006-02-15 04:45:30"
"231","430 Alessandria Loop",NULL," ","439","47446"," ","2006-02-15 04:45:30"
"232","754 Valencia Place",NULL," ","406","87911"," ","2006-02-15 04:45:30"
"233","356 Olomouc Manor",NULL," ","26","93323"," ","2006-02-15 04:45:30"
"234","1256 Bislig Boulevard",NULL," ","86","50598"," ","2006-02-15 04:45:30"
"235","954 Kimchon Place",NULL," ","559","42420"," ","2006-02-15 04:45:30"
"236","885 Yingkou Manor",NULL," ","596","31390"," ","2006-02-15 04:45:30"
"237","1736 Cavite Place",NULL," ","216","98775"," ","2006-02-15 04:45:30"
"238","346 Skikda Parkway",NULL," ","233","90628"," ","2006-02-15 04:45:30"
"239","98 Stara Zagora Boulevard",NULL," ","96","76448"," ","2006-02-15 04:45:30"
"240","1479 Rustenburg Boulevard",NULL," ","527","18727"," ","2006-02-15 04:45:30"
"241","647 A Corua (La Corua) Street",NULL," ","357","36971"," ","2006-02-15 04:45:30"
"242","1964 Gijn Manor",NULL," ","473","14408"," ","2006-02-15 04:45:30"
"243","47 Syktyvkar Lane",NULL," ","118","22236"," ","2006-02-15 04:45:30"
"244","1148 Saarbrcken Parkway",NULL," ","226","1921"," ","2006-02-15 04:45:30"
"245","1103 Bilbays Parkway",NULL," ","578","87660"," ","2006-02-15 04:45:30"
"246","1246 Boksburg Parkway",NULL," ","422","28349"," ","2006-02-15 04:45:30"
"247","1483 Pathankot Street",NULL," ","454","37288"," ","2006-02-15 04:45:30"
"248","582 Papeete Loop",NULL," ","294","27722"," ","2006-02-15 04:45:30"
"249","300 Junan Street",NULL," ","553","81314"," ","2006-02-15 04:45:30"
"250","829 Grand Prairie Way",NULL," ","328","6461"," ","2006-02-15 04:45:30"
"251","1473 Changhwa Parkway",NULL," ","124","75933"," ","2006-02-15 04:45:30"
"252","1309 Weifang Street",NULL," ","520","57338"," ","2006-02-15 04:45:30"
"253","1760 Oshawa Manor",NULL," ","535","38140"," ","2006-02-15 04:45:30"
"254","786 Stara Zagora Way",NULL," ","390","98332"," ","2006-02-15 04:45:30"
"255","1966 Tonghae Street",NULL," ","198","36481"," ","2006-02-15 04:45:30"
"256","1497 Yuzhou Drive",NULL," ","312","3433"," ","2006-02-15 04:45:30"
"258","752 Ondo Loop",NULL," ","338","32474"," ","2006-02-15 04:45:30"
"259","1338 Zalantun Lane",NULL," ","413","45403"," ","2006-02-15 04:45:30"
"260","127 Iwakuni Boulevard",NULL," ","192","20777"," ","2006-02-15 04:45:30"
"261","51 Laredo Avenue",NULL," ","342","68146"," ","2006-02-15 04:45:30"
"262","771 Yaound Manor",NULL," ","64","86768"," ","2006-02-15 04:45:30"
"263","532 Toulon Street",NULL," ","460","69517"," ","2006-02-15 04:45:30"
"264","1027 Banjul Place",NULL," ","197","50390"," ","2006-02-15 04:45:30"
"265","1158 Mandi Bahauddin Parkway",NULL," ","136","98484"," ","2006-02-15 04:45:30"
"266","862 Xintai Lane",NULL," ","548","30065"," ","2006-02-15 04:45:30"
"267","816 Cayenne Parkway",NULL," ","414","93629"," ","2006-02-15 04:45:30"
"268","1831 Nam Dinh Loop",NULL," ","323","51990"," ","2006-02-15 04:45:30"
"269","446 Kirovo-Tepetsk Lane",NULL," ","203","19428"," ","2006-02-15 04:45:30"
"270","682 Halisahar Place",NULL," ","378","20536"," ","2006-02-15 04:45:30"
"271","1587 Loja Manor",NULL," ","447","5410"," ","2006-02-15 04:45:30"
"272","1762 Paarl Parkway",NULL," ","298","53928"," ","2006-02-15 04:45:30"
"273","1519 Ilorin Place",NULL," ","395","49298"," ","2006-02-15 04:45:30"
"274","920 Kumbakonam Loop",NULL," ","446","75090"," ","2006-02-15 04:45:30"
"275","906 Goinia Way",NULL," ","255","83565"," ","2006-02-15 04:45:30"
"276","1675 Xiangfan Manor",NULL," ","283","11763"," ","2006-02-15 04:45:30"
"277","85 San Felipe de Puerto Plata Drive",NULL," ","584","46063"," ","2006-02-15 04:45:30"
"278","144 South Hill Loop",NULL," ","445","2012"," ","2006-02-15 04:45:30"
"279","1884 Shikarpur Avenue",NULL," ","263","85548"," ","2006-02-15 04:45:30"
"280","1980 Kamjanets-Podilskyi Street",NULL," ","404","89502"," ","2006-02-15 04:45:30"
"281","1944 Bamenda Way",NULL," ","573","24645"," ","2006-02-15 04:45:30"
"282","556 Baybay Manor",NULL," ","374","55802"," ","2006-02-15 04:45:30"
"283","457 Tongliao Loop",NULL," ","222","56254"," ","2006-02-15 04:45:30"
"284","600 Bradford Street",NULL," ","514","96204"," ","2006-02-15 04:45:30"
"285","1006 Santa Brbara dOeste Manor",NULL," ","389","36229"," ","2006-02-15 04:45:30"
"286","1308 Sumy Loop",NULL," ","175","30657"," ","2006-02-15 04:45:30"
"287","1405 Chisinau Place",NULL," ","411","8160"," ","2006-02-15 04:45:30"
"288","226 Halifax Street",NULL," ","277","58492"," ","2006-02-15 04:45:30"
"289","1279 Udine Parkway",NULL," ","69","75860"," ","2006-02-15 04:45:30"
"290","1336 Benin City Drive",NULL," ","386","46044"," ","2006-02-15 04:45:30"
"291","1155 Liaocheng Place",NULL," ","152","22650"," ","2006-02-15 04:45:30"
"292","1993 Tabuk Lane",NULL," ","522","64221"," ","2006-02-15 04:45:30"
"293","86 Higashiosaka Lane",NULL," ","563","33768"," ","2006-02-15 04:45:30"
"294","1912 Allende Manor",NULL," ","279","58124"," ","2006-02-15 04:45:30"
"295","544 Tarsus Boulevard",NULL," ","562","53145"," ","2006-02-15 04:45:30"
"296","1936 Cuman Avenue",NULL," ","433","61195"," ","2006-02-15 04:45:30"
"297","1192 Tongliao Street",NULL," ","470","19065"," ","2006-02-15 04:45:30"
"298","44 Najafabad Way",NULL," ","146","61391"," ","2006-02-15 04:45:30"
"299","32 Pudukkottai Lane",NULL," ","140","38834"," ","2006-02-15 04:45:30"
"300","661 Chisinau Lane",NULL," ","274","8856"," ","2006-02-15 04:45:30"
"301","951 Stara Zagora Manor",NULL," ","400","98573"," ","2006-02-15 04:45:30"
"302","922 Vila Velha Loop",NULL," ","9","4085"," ","2006-02-15 04:45:30"
"303","898 Jining Lane",NULL," ","387","40070"," ","2006-02-15 04:45:30"
"304","1635 Kuwana Boulevard",NULL," ","205","52137"," ","2006-02-15 04:45:30"
"305","41 El Alto Parkway",NULL," ","398","56883"," ","2006-02-15 04:45:30"
"306","1883 Maikop Lane",NULL," ","254","68469"," ","2006-02-15 04:45:30"
"307","1908 Gaziantep Place",NULL," ","536","58979"," ","2006-02-15 04:45:30"
"308","687 Alessandria Parkway",NULL," ","455","57587"," ","2006-02-15 04:45:30"
"309","827 Yuncheng Drive",NULL," ","99","79047"," ","2006-02-15 04:45:30"
"310","913 Coacalco de Berriozbal Loop",NULL," ","33","42141"," ","2006-02-15 04:45:30"
"311","715 So Bernardo do Campo Lane",NULL," ","507","84804"," ","2006-02-15 04:45:30"
"312","1354 Siegen Street",NULL," ","25","80184"," ","2006-02-15 04:45:30"
"313","1191 Sungai Petani Boulevard",NULL," ","262","9668"," ","2006-02-15 04:45:30"
"314","1224 Huejutla de Reyes Boulevard",NULL," ","91","70923"," ","2006-02-15 04:45:30"
"315","543 Bergamo Avenue",NULL," ","215","59686"," ","2006-02-15 04:45:30"
"316","746 Joliet Lane",NULL," ","286","94878"," ","2006-02-15 04:45:30"
"317","780 Kimberley Way",NULL," ","515","17032"," ","2006-02-15 04:45:30"
"318","1774 Yaound Place",NULL," ","166","91400"," ","2006-02-15 04:45:30"
"319","1957 Yantai Lane",NULL," ","490","59255"," ","2006-02-15 04:45:30"
"320","1542 Lubumbashi Boulevard",NULL," ","57","62472"," ","2006-02-15 04:45:30"
"321","651 Pathankot Loop",NULL," ","336","59811"," ","2006-02-15 04:45:30"
"322","1359 Zhoushan Parkway",NULL," ","545","29763"," ","2006-02-15 04:45:30"
"323","1769 Iwaki Lane",NULL," ","97","25787"," ","2006-02-15 04:45:30"
"324","1145 Vilnius Manor",NULL," ","451","73170"," ","2006-02-15 04:45:30"
"325","1892 Nabereznyje Telny Lane",NULL," ","516","28396"," ","2006-02-15 04:45:30"
"326","470 Boksburg Street",NULL," ","81","97960"," ","2006-02-15 04:45:30"
"327","1427 A Corua (La Corua) Place",NULL," ","45","85799"," ","2006-02-15 04:45:30"
"328","479 San Felipe del Progreso Avenue",NULL," ","130","54949"," ","2006-02-15 04:45:30"
"329","867 Benin City Avenue",NULL," ","591","78543"," ","2006-02-15 04:45:30"
"330","981 Kumbakonam Place",NULL," ","89","87611"," ","2006-02-15 04:45:30"
"331","1016 Iwakuni Street",NULL," ","269","49833"," ","2006-02-15 04:45:30"
"332","663 Baha Blanca Parkway",NULL," ","5","33463"," ","2006-02-15 04:45:30"
"333","1860 Taguig Loop",NULL," ","119","59550"," ","2006-02-15 04:45:30"
"334","1816 Bydgoszcz Loop",NULL," ","234","64308"," ","2006-02-15 04:45:30"
"335","587 Benguela Manor",NULL," ","42","91590"," ","2006-02-15 04:45:30"
"336","430 Kumbakonam Drive",NULL," ","457","28814"," ","2006-02-15 04:45:30"
"337","1838 Tabriz Lane",NULL," ","143","1195"," ","2006-02-15 04:45:30"
"338","431 Szkesfehrvr Avenue",NULL," ","48","57828"," ","2006-02-15 04:45:30"
"339","503 Sogamoso Loop",NULL," ","505","49812"," ","2006-02-15 04:45:30"
"340","507 Smolensk Loop",NULL," ","492","22971"," ","2006-02-15 04:45:30"
"341","1920 Weifang Avenue",NULL," ","427","15643"," ","2006-02-15 04:45:30"
"342","124 al-Manama Way",NULL," ","382","52368"," ","2006-02-15 04:45:30"
"343","1443 Mardan Street",NULL," ","392","31483"," ","2006-02-15 04:45:30"
"344","1909 Benguela Lane",NULL," ","581","19913"," ","2006-02-15 04:45:30"
"345","68 Ponce Parkway",NULL," ","201","85926"," ","2006-02-15 04:45:30"
"346","1217 Konotop Avenue",NULL," ","151","504"," ","2006-02-15 04:45:30"
"347","1293 Nam Dinh Way",NULL," ","84","71583"," ","2006-02-15 04:45:30"
"348","785 Vaduz Street",NULL," ","335","36170"," ","2006-02-15 04:45:30"
"349","1516 Escobar Drive",NULL," ","370","46069"," ","2006-02-15 04:45:30"
"350","1628 Nagareyama Lane",NULL," ","453","60079"," ","2006-02-15 04:45:30"
"351","1157 Nyeri Loop",NULL," ","320","56380"," ","2006-02-15 04:45:30"
"352","1673 Tangail Drive",NULL," ","137","26857"," ","2006-02-15 04:45:30"
"353","381 Kabul Way",NULL," ","209","87272"," ","2006-02-15 04:45:30"
"354","953 Hodeida Street",NULL," ","221","18841"," ","2006-02-15 04:45:30"
"355","469 Nakhon Sawan Street",NULL," ","531","58866"," ","2006-02-15 04:45:30"
"356","1378 Beira Loop",NULL," ","597","40792"," ","2006-02-15 04:45:30"
"357","1641 Changhwa Place",NULL," ","52","37636"," ","2006-02-15 04:45:30"
"358","1698 Southport Loop",NULL," ","393","49009"," ","2006-02-15 04:45:30"
"359","519 Nyeri Manor",NULL," ","461","37650"," ","2006-02-15 04:45:30"
"360","619 Hunuco Avenue",NULL," ","331","81508"," ","2006-02-15 04:45:30"
"361","45 Aparecida de Goinia Place",NULL," ","464","7431"," ","2006-02-15 04:45:30"
"362","482 Kowloon and New Kowloon Manor",NULL," ","90","97056"," ","2006-02-15 04:45:30"
"363","604 Bern Place",NULL," ","429","5373"," ","2006-02-15 04:45:30"
"364","1623 Kingstown Drive",NULL," ","20","91299"," ","2006-02-15 04:45:30"
"365","1009 Zanzibar Lane",NULL," ","32","64875"," ","2006-02-15 04:45:30"
"366","114 Jalib al-Shuyukh Manor",NULL," ","585","60440"," ","2006-02-15 04:45:30"
"367","1163 London Parkway",NULL," ","66","6066"," ","2006-02-15 04:45:30"
"368","1658 Jastrzebie-Zdrj Loop",NULL," ","372","96584"," ","2006-02-15 04:45:30"
"369","817 Laredo Avenue",NULL," ","188","77449"," ","2006-02-15 04:45:30"
"370","1565 Tangail Manor",NULL," ","377","45750"," ","2006-02-15 04:45:30"
"371","1912 Emeishan Drive",NULL," ","50","33050"," ","2006-02-15 04:45:30"
"372","230 Urawa Drive",NULL," ","8","2738"," ","2006-02-15 04:45:30"
"373","1922 Miraj Way",NULL," ","356","13203"," ","2006-02-15 04:45:30"
"374","433 Florencia Street",NULL," ","250","91330"," ","2006-02-15 04:45:30"
"375","1049 Matamoros Parkway",NULL," ","191","69640"," ","2006-02-15 04:45:30"
"376","1061 Ede Avenue",NULL," ","98","57810"," ","2006-02-15 04:45:30"
"377","154 Oshawa Manor",NULL," ","415","72771"," ","2006-02-15 04:45:30"
"378","1191 Tandil Drive",NULL," ","523","6362"," ","2006-02-15 04:45:30"
"379","1133 Rizhao Avenue",NULL," ","572","2800"," ","2006-02-15 04:45:30"
"380","1519 Santiago de los Caballeros Loop",NULL," ","348","22025"," ","2006-02-15 04:45:30"
"381","1618 Olomouc Manor",NULL," ","285","26385"," ","2006-02-15 04:45:30"
"382","220 Hidalgo Drive",NULL," ","265","45298"," ","2006-02-15 04:45:30"
"383","686 Donostia-San Sebastin Lane",NULL," ","471","97390"," ","2006-02-15 04:45:30"
"384","97 Mogiljov Lane",NULL," ","73","89294"," ","2006-02-15 04:45:30"
"385","1642 Charlotte Amalie Drive",NULL," ","549","75442"," ","2006-02-15 04:45:30"
"386","1368 Maracabo Boulevard",NULL," ","493","32716"," ","2006-02-15 04:45:30"
"387","401 Sucre Boulevard",NULL," ","322","25007"," ","2006-02-15 04:45:30"
"388","368 Hunuco Boulevard",NULL," ","360","17165"," ","2006-02-15 04:45:30"
"389","500 Lincoln Parkway",NULL," ","210","95509"," ","2006-02-15 04:45:30"
"390","102 Chapra Drive",NULL," ","521","14073"," ","2006-02-15 04:45:30"
"391","1793 Meixian Place",NULL," ","258","33535"," ","2006-02-15 04:45:30"
"392","514 Ife Way",NULL," ","315","69973"," ","2006-02-15 04:45:30"
"393","717 Changzhou Lane",NULL," ","104","21615"," ","2006-02-15 04:45:30"
"394","753 Ilorin Avenue",NULL," ","157","3656"," ","2006-02-15 04:45:30"
"395","1337 Mit Ghamr Avenue",NULL," ","358","29810"," ","2006-02-15 04:45:30"
"396","767 Pyongyang Drive",NULL," ","229","83536"," ","2006-02-15 04:45:30"
"397","614 Pak Kret Street",NULL," ","6","27796"," ","2006-02-15 04:45:30"
"398","954 Lapu-Lapu Way",NULL," ","278","8816"," ","2006-02-15 04:45:30"
"399","331 Bydgoszcz Parkway",NULL," ","181","966"," ","2006-02-15 04:45:30"
"400","1152 Citrus Heights Manor",NULL," ","15","5239"," ","2006-02-15 04:45:30"
"401","168 Cianjur Manor",NULL," ","228","73824"," ","2006-02-15 04:45:30"
"402","616 Hagonoy Avenue",NULL," ","39","46043"," ","2006-02-15 04:45:30"
"403","1190 0 Place",NULL," ","44","10417"," ","2006-02-15 04:45:30"
"404","734 Bchar Place",NULL," ","375","30586"," ","2006-02-15 04:45:30"
"405","530 Lausanne Lane",NULL," ","135","11067"," ","2006-02-15 04:45:30"
"406","454 Patiala Lane",NULL," ","276","13496"," ","2006-02-15 04:45:30"
"407","1346 Mysore Drive",NULL," ","92","61507"," ","2006-02-15 04:45:30"
"408","990 Etawah Loop",NULL," ","564","79940"," ","2006-02-15 04:45:30"
"409","1266 Laredo Parkway",NULL," ","380","7664"," ","2006-02-15 04:45:30"
"410","88 Nagaon Manor",NULL," ","524","86868"," ","2006-02-15 04:45:30"
"411","264 Bhimavaram Manor",NULL," ","111","54749"," ","2006-02-15 04:45:30"
"412","1639 Saarbrcken Drive",NULL," ","437","9827"," ","2006-02-15 04:45:30"
"413","692 Amroha Drive",NULL," ","230","35575"," ","2006-02-15 04:45:30"
"414","1936 Lapu-Lapu Parkway",NULL," ","141","7122"," ","2006-02-15 04:45:30"
"415","432 Garden Grove Street",NULL," ","430","65630"," ","2006-02-15 04:45:30"
"416","1445 Carmen Parkway",NULL," ","117","70809"," ","2006-02-15 04:45:30"
"417","791 Salinas Street",NULL," ","208","40509"," ","2006-02-15 04:45:30"
"418","126 Acua Parkway",NULL," ","71","58888"," ","2006-02-15 04:45:30"
"419","397 Sunnyvale Avenue",NULL," ","19","55566"," ","2006-02-15 04:45:30"
"420","992 Klerksdorp Loop",NULL," ","23","33711"," ","2006-02-15 04:45:30"
"421","966 Arecibo Loop",NULL," ","134","94018"," ","2006-02-15 04:45:30"
"422","289 Santo Andr Manor",NULL," ","16","72410"," ","2006-02-15 04:45:30"
"423","437 Chungho Drive",NULL," ","450","59489"," ","2006-02-15 04:45:30"
"424","1948 Bayugan Parkway",NULL," ","264","60622"," ","2006-02-15 04:45:30"
"425","1866 al-Qatif Avenue",NULL," ","155","89420"," ","2006-02-15 04:45:30"
"426","1661 Abha Drive",NULL," ","416","14400"," ","2006-02-15 04:45:30"
"427","1557 Cape Coral Parkway",NULL," ","293","46875"," ","2006-02-15 04:45:30"
"428","1727 Matamoros Place",NULL," ","465","78813"," ","2006-02-15 04:45:30"
"429","1269 Botosani Manor",NULL," ","468","47394"," ","2006-02-15 04:45:30"
"430","355 Vitria de Santo Anto Way",NULL," ","452","81758"," ","2006-02-15 04:45:30"
"431","1596 Acua Parkway",NULL," ","418","70425"," ","2006-02-15 04:45:30"
"432","259 Ipoh Drive",NULL," ","189","64964"," ","2006-02-15 04:45:30"
"433","1823 Hoshiarpur Lane",NULL," ","510","33191"," ","2006-02-15 04:45:30"
"434","1404 Taguig Drive",NULL," ","547","87212"," ","2006-02-15 04:45:30"
"435","740 Udaipur Lane",NULL," ","150","33505"," ","2006-02-15 04:45:30"
"436","287 Cuautla Boulevard",NULL," ","501","72736"," ","2006-02-15 04:45:30"
"437","1766 Almirante Brown Street",NULL," ","364","63104"," ","2006-02-15 04:45:30"
"438","596 Huixquilucan Place",NULL," ","351","65892"," ","2006-02-15 04:45:30"
"439","1351 Aparecida de Goinia Parkway",NULL," ","391","41775"," ","2006-02-15 04:45:30"
"440","722 Bradford Lane",NULL," ","249","90920"," ","2006-02-15 04:45:30"
"441","983 Santa F Way",NULL," ","565","47472"," ","2006-02-15 04:45:30"
"442","1245 Ibirit Way",NULL," ","290","40926"," ","2006-02-15 04:45:30"
"443","1836 Korla Parkway",NULL," ","272","55405"," ","2006-02-15 04:45:30"
"444","231 Kaliningrad Place",NULL," ","70","57833"," ","2006-02-15 04:45:30"
"445","495 Bhimavaram Lane",NULL," ","144","3"," ","2006-02-15 04:45:30"
"446","1924 Shimonoseki Drive",NULL," ","59","52625"," ","2006-02-15 04:45:30"
"447","105 Dzerzinsk Manor",NULL," ","540","48570"," ","2006-02-15 04:45:30"
"448","614 Denizli Parkway",NULL," ","486","29444"," ","2006-02-15 04:45:30"
"449","1289 Belm Boulevard",NULL," ","530","88306"," ","2006-02-15 04:45:30"
"450","203 Tambaram Street",NULL," ","161","73942"," ","2006-02-15 04:45:30"
"451","1704 Tambaram Manor",NULL," ","554","2834"," ","2006-02-15 04:45:30"
"452","207 Cuernavaca Loop",NULL," ","352","52671"," ","2006-02-15 04:45:30"
"453","319 Springs Loop",NULL," ","160","99552"," ","2006-02-15 04:45:30"
"454","956 Nam Dinh Manor",NULL," ","481","21872"," ","2006-02-15 04:45:30"
"455","1947 Paarl Way",NULL," ","509","23636"," ","2006-02-15 04:45:30"
"456","814 Simferopol Loop",NULL," ","154","48745"," ","2006-02-15 04:45:30"
"457","535 Ahmadnagar Manor",NULL," ","3","41136"," ","2006-02-15 04:45:30"
"458","138 Caracas Boulevard",NULL," ","326","16790"," ","2006-02-15 04:45:30"
"459","251 Florencia Drive",NULL," ","556","16119"," ","2006-02-15 04:45:30"
"460","659 Gatineau Boulevard",NULL," ","153","28587"," ","2006-02-15 04:45:30"
"461","1889 Valparai Way",NULL," ","600","75559"," ","2006-02-15 04:45:30"
"462","1485 Bratislava Place",NULL," ","435","83183"," ","2006-02-15 04:45:30"
"463","935 Aden Boulevard",NULL," ","532","64709"," ","2006-02-15 04:45:30"
"464","76 Kermanshah Manor",NULL," ","423","23343"," ","2006-02-15 04:45:30"
"465","734 Tanshui Avenue",NULL," ","170","70664"," ","2006-02-15 04:45:30"
"466","118 Jaffna Loop",NULL," ","182","10447"," ","2006-02-15 04:45:30"
"467","1621 Tongliao Avenue",NULL," ","558","22173"," ","2006-02-15 04:45:30"
"468","1844 Usak Avenue",NULL," ","196","84461"," ","2006-02-15 04:45:30"
"469","1872 Toulon Loop",NULL," ","428","7939"," ","2006-02-15 04:45:30"
"470","1088 Ibirit Place",NULL," ","595","88502"," ","2006-02-15 04:45:30"
"471","1322 Mosul Parkway",NULL," ","145","95400"," ","2006-02-15 04:45:30"
"472","1447 Chatsworth Place",NULL," ","129","41545"," ","2006-02-15 04:45:30"
"473","1257 Guadalajara Street",NULL," ","78","33599"," ","2006-02-15 04:45:30"
"474","1469 Plock Lane",NULL," ","388","95835"," ","2006-02-15 04:45:30"
"475","434 Ourense (Orense) Manor",NULL," ","206","14122"," ","2006-02-15 04:45:30"
"476","270 Tambaram Parkway",NULL," ","244","9668"," ","2006-02-15 04:45:30"
"477","1786 Salinas Place",NULL," ","359","66546"," ","2006-02-15 04:45:30"
"478","1078 Stara Zagora Drive",NULL," ","301","69221"," ","2006-02-15 04:45:30"
"479","1854 Okara Boulevard",NULL," ","158","42123"," ","2006-02-15 04:45:30"
"480","421 Yaound Street",NULL," ","385","11363"," ","2006-02-15 04:45:30"
"481","1153 Allende Way",NULL," ","179","20336"," ","2006-02-15 04:45:30"
"482","808 Naala-Porto Parkway",NULL," ","500","41060"," ","2006-02-15 04:45:30"
"483","632 Usolje-Sibirskoje Parkway",NULL," ","36","73085"," ","2006-02-15 04:45:30"
"484","98 Pyongyang Boulevard",NULL," ","11","88749"," ","2006-02-15 04:45:30"
"485","984 Novoterkassk Loop",NULL," ","180","28165"," ","2006-02-15 04:45:30"
"486","64 Korla Street",NULL," ","347","25145"," ","2006-02-15 04:45:30"
"487","1785 So Bernardo do Campo Street",NULL," ","125","71182"," ","2006-02-15 04:45:30"
"488","698 Jelets Boulevard",NULL," ","142","2596"," ","2006-02-15 04:45:30"
"489","1297 Alvorada Parkway",NULL," ","587","11839"," ","2006-02-15 04:45:30"
"490","1909 Dayton Avenue",NULL," ","469","88513"," ","2006-02-15 04:45:30"
"491","1789 Saint-Denis Parkway",NULL," ","4","8268"," ","2006-02-15 04:45:30"
"492","185 Mannheim Lane",NULL," ","408","23661"," ","2006-02-15 04:45:30"
"493","184 Mandaluyong Street",NULL," ","288","94239"," ","2006-02-15 04:45:30"
"494","591 Sungai Petani Drive",NULL," ","376","46400"," ","2006-02-15 04:45:30"
"495","656 Matamoros Drive",NULL," ","487","19489"," ","2006-02-15 04:45:30"
"496","775 ostka Drive",NULL," ","337","22358"," ","2006-02-15 04:45:30"
"497","1013 Tabuk Boulevard",NULL," ","261","96203"," ","2006-02-15 04:45:30"
"498","319 Plock Parkway",NULL," ","504","26101"," ","2006-02-15 04:45:30"
"499","1954 Kowloon and New Kowloon Way",NULL," ","434","63667"," ","2006-02-15 04:45:30"
"500","362 Rajkot Lane",NULL," ","47","98030"," ","2006-02-15 04:45:30"
"501","1060 Tandil Lane",NULL," ","432","72349"," ","2006-02-15 04:45:30"
"502","1515 Korla Way",NULL," ","589","57197"," ","2006-02-15 04:45:30"
"503","1416 San Juan Bautista Tuxtepec Avenue",NULL," ","444","50592"," ","2006-02-15 04:45:30"
"504","1 Valle de Santiago Avenue",NULL," ","93","86208"," ","2006-02-15 04:45:30"
"505","519 Brescia Parkway",NULL," ","318","69504"," ","2006-02-15 04:45:30"
"506","414 Mandaluyong Street",NULL," ","314","16370"," ","2006-02-15 04:45:30"
"507","1197 Sokoto Boulevard",NULL," ","478","87687"," ","2006-02-15 04:45:30"
"508","496 Celaya Drive",NULL," ","552","90797"," ","2006-02-15 04:45:30"
"509","786 Matsue Way",NULL," ","245","37469"," ","2006-02-15 04:45:30"
"510","48 Maracabo Place",NULL," ","519","1570"," ","2006-02-15 04:45:30"
"511","1152 al-Qatif Lane",NULL," ","412","44816"," ","2006-02-15 04:45:30"
"512","1269 Ipoh Avenue",NULL," ","163","54674"," ","2006-02-15 04:45:30"
"513","758 Korolev Parkway",NULL," ","568","75474"," ","2006-02-15 04:45:30"
"514","1747 Rustenburg Place",NULL," ","110","51369"," ","2006-02-15 04:45:30"
"515","886 Tonghae Place",NULL," ","259","19450"," ","2006-02-15 04:45:30"
"516","1574 Goinia Boulevard",NULL," ","502","39529"," ","2006-02-15 04:45:30"
"517","548 Uruapan Street",NULL," ","312","35653"," ","2006-02-15 04:45:30"
"519","962 Tama Loop",NULL," ","583","65952"," ","2006-02-15 04:45:30"
"520","1778 Gijn Manor",NULL," ","594","35156"," ","2006-02-15 04:45:30"
"521","568 Dhule (Dhulia) Loop",NULL," ","127","92568"," ","2006-02-15 04:45:30"
"522","1768 Udine Loop",NULL," ","60","32347"," ","2006-02-15 04:45:30"
"523","608 Birgunj Parkway",NULL," ","116","400"," ","2006-02-15 04:45:30"
"524","680 A Corua (La Corua) Manor",NULL," ","482","49806"," ","2006-02-15 04:45:30"
"525","1949 Sanya Street",NULL," ","224","61244"," ","2006-02-15 04:45:30"
"526","617 Klerksdorp Place",NULL," ","366","94707"," ","2006-02-15 04:45:30"
"527","1993 0 Loop",NULL," ","588","41214"," ","2006-02-15 04:45:30"
"528","1176 Southend-on-Sea Manor",NULL," ","458","81651"," ","2006-02-15 04:45:30"
"529","600 Purnea (Purnia) Avenue",NULL," ","571","18043"," ","2006-02-15 04:45:30"
"530","1003 Qinhuangdao Street",NULL," ","419","25972"," ","2006-02-15 04:45:30"
"531","1986 Sivas Place",NULL," ","551","95775"," ","2006-02-15 04:45:30"
"532","1427 Tabuk Place",NULL," ","101","31342"," ","2006-02-15 04:45:30"
"533","556 Asuncin Way",NULL," ","339","35364"," ","2006-02-15 04:45:30"
"534","486 Ondo Parkway",NULL," ","67","35202"," ","2006-02-15 04:45:30"
"535","635 Brest Manor",NULL," ","75","40899"," ","2006-02-15 04:45:30"
"536","166 Jinchang Street",NULL," ","165","86760"," ","2006-02-15 04:45:30"
"537","958 Sagamihara Lane",NULL," ","287","88408"," ","2006-02-15 04:45:30"
"538","1817 Livorno Way",NULL," ","100","79401"," ","2006-02-15 04:45:30"
"539","1332 Gaziantep Lane",NULL," ","80","22813"," ","2006-02-15 04:45:30"
"540","949 Allende Lane",NULL," ","24","67521"," ","2006-02-15 04:45:30"
"541","195 Ilorin Street",NULL," ","363","49250"," ","2006-02-15 04:45:30"
"542","193 Bhusawal Place",NULL," ","539","9750"," ","2006-02-15 04:45:30"
"543","43 Vilnius Manor",NULL," ","42","79814"," ","2006-02-15 04:45:30"
"544","183 Haiphong Street",NULL," ","46","69953"," ","2006-02-15 04:45:30"
"545","163 Augusta-Richmond County Loop",NULL," ","561","33030"," ","2006-02-15 04:45:30"
"546","191 Jos Azueta Parkway",NULL," ","436","13629"," ","2006-02-15 04:45:30"
"547","379 Lublin Parkway",NULL," ","309","74568"," ","2006-02-15 04:45:30"
"548","1658 Cuman Loop",NULL," ","396","51309"," ","2006-02-15 04:45:30"
"549","454 Qinhuangdao Drive",NULL," ","68","25866"," ","2006-02-15 04:45:30"
"550","1715 Okayama Street",NULL," ","485","55676"," ","2006-02-15 04:45:30"
"551","182 Nukualofa Drive",NULL," ","275","15414"," ","2006-02-15 04:45:30"
"552","390 Wroclaw Way",NULL," ","462","5753"," ","2006-02-15 04:45:30"
"553","1421 Quilmes Lane",NULL," ","260","19151"," ","2006-02-15 04:45:30"
"554","947 Trshavn Place",NULL," ","528","841"," ","2006-02-15 04:45:30"
"555","1764 Jalib al-Shuyukh Parkway",NULL," ","459","77642"," ","2006-02-15 04:45:30"
"556","346 Cam Ranh Avenue",NULL," ","599","39976"," ","2006-02-15 04:45:30"
"557","1407 Pachuca de Soto Place",NULL," ","21","26284"," ","2006-02-15 04:45:30"
"558","904 Clarksville Drive",NULL," ","193","52234"," ","2006-02-15 04:45:30"
"559","1917 Kumbakonam Parkway",NULL," ","368","11892"," ","2006-02-15 04:45:30"
"560","1447 Imus Place",NULL," ","426","12905"," ","2006-02-15 04:45:30"
"561","1497 Fengshan Drive",NULL," ","112","63022"," ","2006-02-15 04:45:30"
"562","869 Shikarpur Way",NULL," ","496","57380"," ","2006-02-15 04:45:30"
"563","1059 Yuncheng Avenue",NULL," ","570","47498"," ","2006-02-15 04:45:30"
"564","505 Madiun Boulevard",NULL," ","577","97271"," ","2006-02-15 04:45:30"
"565","1741 Hoshiarpur Boulevard",NULL," ","79","22372"," ","2006-02-15 04:45:30"
"566","1229 Varanasi (Benares) Manor",NULL," ","43","40195"," ","2006-02-15 04:45:30"
"567","1894 Boa Vista Way",NULL," ","178","77464"," ","2006-02-15 04:45:30"
"568","1342 Sharja Way",NULL," ","488","93655"," ","2006-02-15 04:45:30"
"569","1342 Abha Boulevard",NULL," ","95","10714"," ","2006-02-15 04:45:30"
"570","415 Pune Avenue",NULL," ","580","44274"," ","2006-02-15 04:45:30"
"571","1746 Faaa Way",NULL," ","214","32515"," ","2006-02-15 04:45:30"
"572","539 Hami Way",NULL," ","538","52196"," ","2006-02-15 04:45:30"
"573","1407 Surakarta Manor",NULL," ","466","33224"," ","2006-02-15 04:45:30"
"574","502 Mandi Bahauddin Parkway",NULL," ","55","15992"," ","2006-02-15 04:45:30"
"575","1052 Pathankot Avenue",NULL," ","299","77397"," ","2006-02-15 04:45:30"
"576","1351 Sousse Lane",NULL," ","341","37815"," ","2006-02-15 04:45:30"
"577","1501 Pangkal Pinang Avenue",NULL," ","409","943"," ","2006-02-15 04:45:30"
"578","1405 Hagonoy Avenue",NULL," ","133","86587"," ","2006-02-15 04:45:30"
"579","521 San Juan Bautista Tuxtepec Place",NULL," ","598","95093"," ","2006-02-15 04:45:30"
"580","923 Tangail Boulevard",NULL," ","10","33384"," ","2006-02-15 04:45:30"
"581","186 Skikda Lane",NULL," ","131","89422"," ","2006-02-15 04:45:30"
"582","1568 Celaya Parkway",NULL," ","168","34750"," ","2006-02-15 04:45:30"
"583","1489 Kakamigahara Lane",NULL," ","526","98883"," ","2006-02-15 04:45:30"
"584","1819 Alessandria Loop",NULL," ","103","53829"," ","2006-02-15 04:45:30"
"585","1208 Tama Loop",NULL," ","344","73605"," ","2006-02-15 04:45:30"
"586","951 Springs Lane",NULL," ","219","96115"," ","2006-02-15 04:45:30"
"587","760 Miyakonojo Drive",NULL," ","246","64682"," ","2006-02-15 04:45:30"
"588","966 Asuncin Way",NULL," ","212","62703"," ","2006-02-15 04:45:30"
"589","1584 Ljubertsy Lane",NULL," ","494","22954"," ","2006-02-15 04:45:30"
"590","247 Jining Parkway",NULL," ","54","53446"," ","2006-02-15 04:45:30"
"591","773 Dallas Manor",NULL," ","424","12664"," ","2006-02-15 04:45:30"
"592","1923 Stara Zagora Lane",NULL," ","546","95179"," ","2006-02-15 04:45:30"
"593","1402 Zanzibar Boulevard",NULL," ","106","71102"," ","2006-02-15 04:45:30"
"594","1464 Kursk Parkway",NULL," ","574","17381"," ","2006-02-15 04:45:30"
"595","1074 Sanaa Parkway",NULL," ","311","22474"," ","2006-02-15 04:45:30"
"596","1759 Niznekamsk Avenue",NULL," ","14","39414"," ","2006-02-15 04:45:30"
"597","32 Liaocheng Way",NULL," ","248","1944"," ","2006-02-15 04:45:30"
"598","42 Fontana Avenue",NULL," ","512","14684"," ","2006-02-15 04:45:30"
"599","1895 Zhezqazghan Drive",NULL," ","177","36693"," ","2006-02-15 04:45:30"
"600","1837 Kaduna Parkway",NULL," ","241","82580"," ","2006-02-15 04:45:30"
"601","844 Bucuresti Place",NULL," ","242","36603"," ","2006-02-15 04:45:30"
"602","1101 Bucuresti Boulevard",NULL," ","401","97661"," ","2006-02-15 04:45:30"
"603","1103 Quilmes Boulevard",NULL," ","503","52137"," ","2006-02-15 04:45:30"
"604","1331 Usak Boulevard",NULL," ","296","61960"," ","2006-02-15 04:45:30"
"605","1325 Fukuyama Street",NULL," ","537","27107"," ","2006-02-15 04:45:30"
